UHID,First Name,Middle Name,Last Name,Full Name,Mobile Number,Email
900129151,Bulk Testing Case Patient Name,,1,Bulk Testing Case Patient Name  1,9000000001,bulk_testing_case_patient_name__1@gmail.com
900129152,Bulk Testing Case Patient Name,,2,Bulk Testing Case Patient Name  2,9000000002,bulk_testing_case_patient_name__2@gmail.com
900129153,Bulk Testing Case Patient Name,,3,Bulk Testing Case Patient Name  3,9000000003,bulk_testing_case_patient_name__3@gmail.com
900129154,Bulk Testing Case Patient Name,,4,Bulk Testing Case Patient Name  4,9000000004,bulk_testing_case_patient_name__4@gmail.com
900129155,Bulk Testing Case Patient Name,,5,Bulk Testing Case Patient Name  5,9000000005,bulk_testing_case_patient_name__5@gmail.com
900129156,Bulk Testing Case Patient Name,,6,Bulk Testing Case Patient Name  6,9000000006,bulk_testing_case_patient_name__6@gmail.com
900129157,Bulk Testing Case Patient Name,,7,Bulk Testing Case Patient Name  7,9000000007,bulk_testing_case_patient_name__7@gmail.com
900129158,Bulk Testing Case Patient Name,,8,Bulk Testing Case Patient Name  8,9000000008,bulk_testing_case_patient_name__8@gmail.com
900129159,Bulk Testing Case Patient Name,,9,Bulk Testing Case Patient Name  9,9000000009,bulk_testing_case_patient_name__9@gmail.com
900129160,Bulk Testing Case Patient Name,,10,Bulk Testing Case Patient Name  10,9000000010,bulk_testing_case_patient_name__10@gmail.com
900129161,Bulk Testing Case Patient Name,,11,Bulk Testing Case Patient Name  11,9000000011,bulk_testing_case_patient_name__11@gmail.com
900129162,Bulk Testing Case Patient Name,,12,Bulk Testing Case Patient Name  12,9000000012,bulk_testing_case_patient_name__12@gmail.com
900129163,Bulk Testing Case Patient Name,,13,Bulk Testing Case Patient Name  13,9000000013,bulk_testing_case_patient_name__13@gmail.com
900129164,Bulk Testing Case Patient Name,,14,Bulk Testing Case Patient Name  14,9000000014,bulk_testing_case_patient_name__14@gmail.com
900129165,Bulk Testing Case Patient Name,,15,Bulk Testing Case Patient Name  15,9000000015,bulk_testing_case_patient_name__15@gmail.com
900129166,Bulk Testing Case Patient Name,,16,Bulk Testing Case Patient Name  16,9000000016,bulk_testing_case_patient_name__16@gmail.com
900129167,Bulk Testing Case Patient Name,,17,Bulk Testing Case Patient Name  17,9000000017,bulk_testing_case_patient_name__17@gmail.com
900129168,Bulk Testing Case Patient Name,,18,Bulk Testing Case Patient Name  18,9000000018,bulk_testing_case_patient_name__18@gmail.com
900129169,Bulk Testing Case Patient Name,,19,Bulk Testing Case Patient Name  19,9000000019,bulk_testing_case_patient_name__19@gmail.com
900129170,Bulk Testing Case Patient Name,,20,Bulk Testing Case Patient Name  20,9000000020,bulk_testing_case_patient_name__20@gmail.com
900129171,Bulk Testing Case Patient Name,,21,Bulk Testing Case Patient Name  21,9000000021,bulk_testing_case_patient_name__21@gmail.com
900129172,Bulk Testing Case Patient Name,,22,Bulk Testing Case Patient Name  22,9000000022,bulk_testing_case_patient_name__22@gmail.com
900129173,Bulk Testing Case Patient Name,,23,Bulk Testing Case Patient Name  23,9000000023,bulk_testing_case_patient_name__23@gmail.com
900129174,Bulk Testing Case Patient Name,,24,Bulk Testing Case Patient Name  24,9000000024,bulk_testing_case_patient_name__24@gmail.com
900129175,Bulk Testing Case Patient Name,,25,Bulk Testing Case Patient Name  25,9000000025,bulk_testing_case_patient_name__25@gmail.com
900129176,Bulk Testing Case Patient Name,,26,Bulk Testing Case Patient Name  26,9000000026,bulk_testing_case_patient_name__26@gmail.com
900129177,Bulk Testing Case Patient Name,,27,Bulk Testing Case Patient Name  27,9000000027,bulk_testing_case_patient_name__27@gmail.com
900129178,Bulk Testing Case Patient Name,,28,Bulk Testing Case Patient Name  28,9000000028,bulk_testing_case_patient_name__28@gmail.com
900129179,Bulk Testing Case Patient Name,,29,Bulk Testing Case Patient Name  29,9000000029,bulk_testing_case_patient_name__29@gmail.com
900129180,Bulk Testing Case Patient Name,,30,Bulk Testing Case Patient Name  30,9000000030,bulk_testing_case_patient_name__30@gmail.com
900129181,Bulk Testing Case Patient Name,,31,Bulk Testing Case Patient Name  31,9000000031,bulk_testing_case_patient_name__31@gmail.com
900129182,Bulk Testing Case Patient Name,,32,Bulk Testing Case Patient Name  32,9000000032,bulk_testing_case_patient_name__32@gmail.com
900129183,Bulk Testing Case Patient Name,,33,Bulk Testing Case Patient Name  33,9000000033,bulk_testing_case_patient_name__33@gmail.com
900129184,Bulk Testing Case Patient Name,,34,Bulk Testing Case Patient Name  34,9000000034,bulk_testing_case_patient_name__34@gmail.com
900129185,Bulk Testing Case Patient Name,,35,Bulk Testing Case Patient Name  35,9000000035,bulk_testing_case_patient_name__35@gmail.com
900129186,Bulk Testing Case Patient Name,,36,Bulk Testing Case Patient Name  36,9000000036,bulk_testing_case_patient_name__36@gmail.com
900129187,Bulk Testing Case Patient Name,,37,Bulk Testing Case Patient Name  37,9000000037,bulk_testing_case_patient_name__37@gmail.com
900129188,Bulk Testing Case Patient Name,,38,Bulk Testing Case Patient Name  38,9000000038,bulk_testing_case_patient_name__38@gmail.com
900129189,Bulk Testing Case Patient Name,,39,Bulk Testing Case Patient Name  39,9000000039,bulk_testing_case_patient_name__39@gmail.com
900129190,Bulk Testing Case Patient Name,,40,Bulk Testing Case Patient Name  40,9000000040,bulk_testing_case_patient_name__40@gmail.com
900129191,Bulk Testing Case Patient Name,,41,Bulk Testing Case Patient Name  41,9000000041,bulk_testing_case_patient_name__41@gmail.com
900129192,Bulk Testing Case Patient Name,,42,Bulk Testing Case Patient Name  42,9000000042,bulk_testing_case_patient_name__42@gmail.com
900129193,Bulk Testing Case Patient Name,,43,Bulk Testing Case Patient Name  43,9000000043,bulk_testing_case_patient_name__43@gmail.com
900129194,Bulk Testing Case Patient Name,,44,Bulk Testing Case Patient Name  44,9000000044,bulk_testing_case_patient_name__44@gmail.com
